{"0": {"precision": 0.827922077922078, "recall": 0.8388157894736842, "f1-score": 0.8333333333333333, "support": 304}, "1": {"precision": 0.8366666666666667, "recall": 0.8256578947368421, "f1-score": 0.8311258278145696, "support": 304}, "accuracy": 0.8322368421052632, "macro avg": {"precision": 0.8322943722943723, "recall": 0.8322368421052632, "f1-score": 0.8322295805739515, "support": 608}, "weighted avg": {"precision": 0.8322943722943723, "recall": 0.8322368421052632, "f1-score": 0.8322295805739515, "support": 608}, "Precision Score": 0.8322368421052632, "Recall Score": 0.8322368421052632, "Accuracy Score": 0.8322368421052632, "F1 Score": 0.8322368421052633, "MCC": 0.6645312119093667}