{"0": {"precision": 0.8870431893687708, "recall": 0.8782894736842105, "f1-score": 0.8826446280991735, "support": 304}, "1": {"precision": 0.8794788273615635, "recall": 0.8881578947368421, "f1-score": 0.88379705400982, "support": 304}, "accuracy": 0.8832236842105263, "macro avg": {"precision": 0.8832610083651671, "recall": 0.8832236842105263, "f1-score": 0.8832208410544968, "support": 608}, "weighted avg": {"precision": 0.8832610083651671, "recall": 0.8832236842105263, "f1-score": 0.8832208410544969, "support": 608}, "Precision Score": 0.8832236842105263, "Recall Score": 0.8832236842105263, "Accuracy Score": 0.8832236842105263, "F1 Score": 0.8832236842105263, "MCC": 0.7664846916669391}