{"0": {"precision": 0.8708609271523179, "recall": 0.8651315789473685, "f1-score": 0.867986798679868, "support": 304}, "1": {"precision": 0.8660130718954249, "recall": 0.8717105263157895, "f1-score": 0.8688524590163935, "support": 304}, "accuracy": 0.868421052631579, "macro avg": {"precision": 0.8684369995238714, "recall": 0.868421052631579, "f1-score": 0.8684196288481307, "support": 608}, "weighted avg": {"precision": 0.8684369995238714, "recall": 0.868421052631579, "f1-score": 0.8684196288481308, "support": 608}, "Precision Score": 0.868421052631579, "Recall Score": 0.868421052631579, "Accuracy Score": 0.868421052631579, "F1 Score": 0.868421052631579, "MCC": 0.736858051982891}